Start Time,Reason,Code Version,Inputs Directory,Total Pop,Seed Pop Size,Completed,Sim Length,Timestep,Input Width,Start Pop,End Pop,Peak Pop,Start Date,End Date,Sim Run time,CT Run time,Records Run time,Results Directory,Birth Factor,Death Factor,Recovery Factor,Proportional Recovery Factor,binomial Sampling,Min Birth Spacing,Peak Memory Usage (MB),Output Record Format,v/M,Stats Run Time,Eligibility Checks,Failed Eligibility Checks
20180706-234354:251,batch53-fs,dev-bf,src/main/resources/valipop/inputs/scotland_test_population/,1198639,31250,TRUE,58439,1y,10y,250785,503020,503020,1/1/1855,01/01/2015,169.9629211,1081.260462,2.46E-06,src/main/resources/valipop/results/batch53-fs/20180706-234354:251,0,0,0.5,0,TRUE,147,8404.873872,NONE,1,860.7623554,,
20180706-235757:314,batch53-fs,dev-bf,src/main/resources/valipop/inputs/scotland_test_population/,1189139,31250,TRUE,58439,1y,10y,248848,499171,499171,1/1/1855,01/01/2015,173.951658,593.3174781,2.54E-06,src/main/resources/valipop/results/batch53-fs/20180706-235757:314,0,0,0.4,0.1,TRUE,147,9018.281832,NONE,16,885.0824468,,
20180707-002533:829,batch53-fs,dev-bf,src/main/resources/valipop/inputs/scotland_test_population/,1187585,31250,TRUE,58439,1y,10y,248524,498689,498689,1/1/1855,01/01/2015,171.4878768,590.1663325,2.62E-06,src/main/resources/valipop/results/batch53-fs/20180707-002533:829,0,0,0.5,0.1,TRUE,147,9174.441976,NONE,28,857.8663391,,
20180707-001910:306,batch53-fs,dev-bf,src/main/resources/valipop/inputs/scotland_test_population/,1192351,31250,TRUE,58439,1y,10y,249467,500823,500823,1/1/1855,01/01/2015,164.7107179,1071.601125,2.55E-06,src/main/resources/valipop/results/batch53-fs/20180707-001910:306,0,0,0.7,0,TRUE,147,8178.830832,NONE,59,849.3321347,,
20180707-005237:522,batch53-fs,dev-bf,src/main/resources/valipop/inputs/scotland_test_population/,1184965,31250,TRUE,58439,1y,10y,247888,497840,497840,1/1/1855,01/01/2015,171.2627981,596.6899633,2.68E-06,src/main/resources/valipop/results/batch53-fs/20180707-005237:522,0,0,0.5,0.1,TRUE,147,8992.582256,NONE,21,865.8270076,,
20180707-005359:904,batch53-fs,dev-bf,src/main/resources/valipop/inputs/scotland_test_population/,1325739,31250,TRUE,58439,1y,10y,277618,556319,556319,1/1/1855,01/01/2015,182.1107325,1080.643611,2.86E-06,src/main/resources/valipop/results/batch53-fs/20180707-005359:904,0,0,0.7,0,TRUE,147,8737.547704,NONE,2,874.0254154,,
20180707-011955:447,batch53-fs,dev-bf,src/main/resources/valipop/inputs/scotland_test_population/,1189044,31250,TRUE,58439,1y,10y,248930,498934,498934,1/1/1855,01/01/2015,171.7720583,610.9910943,2.85E-06,src/main/resources/valipop/results/batch53-fs/20180707-011955:447,0,0,0.5,0.1,TRUE,147,9332.875704,NONE,22,872.767659,,
20180707-012941:379,batch53-fs,dev-bf,src/main/resources/valipop/inputs/scotland_test_population/,1070152,31250,TRUE,58439,1y,10y,223856,449243,449243,1/1/1855,01/01/2015,148.7771582,1022.982892,2.44E-06,src/main/resources/valipop/results/batch53-fs/20180707-012941:379,0,0,0.7,0,TRUE,147,8720.970272,NONE,8,807.3720287,,
20180707-014735:123,batch53-fs,dev-bf,src/main/resources/valipop/inputs/scotland_test_population/,1185837,31250,TRUE,58439,1y,10y,248236,498333,498333,1/1/1855,01/01/2015,168.6190024,603.0732788,2.40E-06,src/main/resources/valipop/results/batch53-fs/20180707-014735:123,0,0,0.6,0.1,TRUE,147,11082.29863,NONE,15,848.976687,,
20180707-020244:566,batch53-fs,dev-bf,src/main/resources/valipop/inputs/scotland_test_population/,1188170,31250,TRUE,58439,1y,10y,248571,498875,498875,1/1/1855,01/01/2015,162.1539979,1046.529539,2.65E-06,src/main/resources/valipop/results/batch53-fs/20180707-020244:566,0,0,0.8,0,TRUE,147,8554.58776,NONE,8,823.4947845,,
20180707-021439:933,batch53-fs,dev-bf,src/main/resources/valipop/inputs/scotland_test_population/,1325224,31250,TRUE,58439,1y,10y,277281,556512,556512,1/1/1855,01/01/2015,187.5146632,627.5284556,2.87E-06,src/main/resources/valipop/results/batch53-fs/20180707-021439:933,0,0,0.6,0.1,TRUE,147,11113.93018,NONE,55,851.7875942,,
20180707-024231:641,batch53-fs,dev-bf,src/main/resources/valipop/inputs/scotland_test_population/,1189132,31250,TRUE,58439,1y,10y,248710,499274,499274,1/1/1855,01/01/2015,169.5250411,629.5711974,2.82E-06,src/main/resources/valipop/results/batch53-fs/20180707-024231:641,0,0,0.6,0.1,TRUE,147,13104.89626,NONE,16,833.1860323,,
20180707-023640:860,batch53-fs,dev-bf,src/main/resources/valipop/inputs/scotland_test_population/,1192787,31250,TRUE,58439,1y,10y,249729,500767,500767,1/1/1855,01/01/2015,162.3855647,1022.516081,2.32E-06,src/main/resources/valipop/results/batch53-fs/20180707-023640:860,0,0,0.8,0,TRUE,147,9014.508224,NONE,11,816.2626861,,
20180707-030948:051,batch53-fs,dev-bf,src/main/resources/valipop/inputs/scotland_test_population/,1183573,31250,TRUE,58439,1y,10y,247816,497180,497180,1/1/1855,01/01/2015,165.005664,586.4211908,2.63E-06,src/main/resources/valipop/results/batch53-fs/20180707-030948:051,0,0,0.7,0.1,TRUE,147,8939.808016,NONE,22,805.8816967,,
20180707-031006:193,batch53-fs,dev-bf,src/main/resources/valipop/inputs/scotland_test_population/,1318804,31250,TRUE,58439,1y,10y,275935,553597,553597,1/1/1855,01/01/2015,178.0148973,1069.007287,2.63E-06,src/main/resources/valipop/results/batch53-fs/20180707-031006:193,0,0,0.8,0,TRUE,147,8874.474856,NONE,4,861.6021791,,
20180707-033549:475,batch53-fs,dev-bf,src/main/resources/valipop/inputs/scotland_test_population/,1187538,31250,TRUE,58439,1y,10y,248620,498464,498464,1/1/1855,01/01/2015,166.1124429,600.5927775,2.91E-06,src/main/resources/valipop/results/batch53-fs/20180707-033549:475,0,0,0.7,0.1,TRUE,147,9013.222608,NONE,17,827.142667,,
20180707-034519:102,batch53-fs,dev-bf,src/main/resources/valipop/inputs/scotland_test_population/,1281147,31250,TRUE,58439,1y,10y,268125,537928,537928,1/1/1855,01/01/2015,170.9437688,1075.852217,2.40E-06,src/main/resources/valipop/results/batch53-fs/20180707-034519:102,0,0,0.9,0,TRUE,147,9200.324464,NONE,7,826.3640168,,
20180707-040227:687,batch53-fs,dev-bf,src/main/resources/valipop/inputs/scotland_test_population/,1227907,31250,TRUE,58439,1y,10y,256597,515609,515609,1/1/1855,01/01/2015,171.8266121,610.433052,3.20E-06,src/main/resources/valipop/results/batch53-fs/20180707-040227:687,0,0,0.7,0.1,TRUE,147,10833.13815,NONE,22,847.3082695,,
20180707-041956:452,batch53-fs,dev-bf,src/main/resources/valipop/inputs/scotland_test_population/,1232802,31250,TRUE,58439,1y,10y,257745,517644,517644,1/1/1855,01/01/2015,164.7354922,1055.735132,3.14E-06,src/main/resources/valipop/results/batch53-fs/20180707-041956:452,0,0,0.9,0,TRUE,147,11253.12602,NONE,18,835.952316,,
20180707-042941:773,batch53-fs,dev-bf,src/main/resources/valipop/inputs/scotland_test_population/,1193450,31250,TRUE,58439,1y,10y,249588,501214,501214,1/1/1855,01/01/2015,168.7658413,570.8683024,2.95E-06,src/main/resources/valipop/results/batch53-fs/20180707-042941:773,0,0,0.8,0.1,TRUE,147,12679.22779,NONE,22,829.7347394,,
20180707-045555:529,batch53-fs,dev-bf,src/main/resources/valipop/inputs/scotland_test_population/,1322496,31250,TRUE,58439,1y,10y,276868,555123,555123,1/1/1855,01/01/2015,181.7826965,658.3805492,2.83E-06,src/main/resources/valipop/results/batch53-fs/20180707-045555:529,0,0,0.8,0.1,TRUE,147,8917.392712,NONE,19,845.864939,,
20180707-045416:930,batch53-fs,dev-bf,src/main/resources/valipop/inputs/scotland_test_population/,1323977,31250,TRUE,58439,1y,10y,276986,556538,556538,1/1/1855,01/01/2015,175.4238444,1071.451691,2.48E-06,src/main/resources/valipop/results/batch53-fs/20180707-045416:930,0,0,0.9,0,TRUE,147,11380.40618,NONE,2,859.1658097,,
20180707-052406:158,batch53-fs,dev-bf,src/main/resources/valipop/inputs/scotland_test_population/,1191582,31250,TRUE,58439,1y,10y,249716,499644,499644,1/1/1855,01/01/2015,165.3084763,614.4936692,3.24E-06,src/main/resources/valipop/results/batch53-fs/20180707-052406:158,0,0,0.8,0.1,TRUE,147,10680.12466,NONE,22,821.2351369,,
20180707-055051:346,batch53-fs,dev-bf,src/main/resources/valipop/inputs/scotland_test_population/,1186670,31250,TRUE,58439,1y,10y,248390,498437,498437,1/1/1855,01/01/2015,161.5025747,585.3565021,3.10E-06,src/main/resources/valipop/results/batch53-fs/20180707-055051:346,0,0,0.9,0.1,TRUE,147,10736.36294,NONE,16,816.8448829,,
20180707-061659:159,batch53-fs,dev-bf,src/main/resources/valipop/inputs/scotland_test_population/,1056741,31250,TRUE,58439,1y,10y,220824,443942,443942,1/1/1855,01/01/2015,145.8585523,570.7651944,2.88E-06,src/main/resources/valipop/results/batch53-fs/20180707-061659:159,0,0,0.9,0.1,TRUE,147,12776.9319,NONE,31,811.8750132,,
20180707-064231:564,batch53-fs,dev-bf,src/main/resources/valipop/inputs/scotland_test_population/,1182913,31250,TRUE,58439,1y,10y,247499,496355,496355,1/1/1855,01/01/2015,160.1910423,572.2914479,2.85E-06,src/main/resources/valipop/results/batch53-fs/20180707-064231:564,0,0,0.9,0.1,TRUE,147,11072.17698,NONE,15,828.3967695,,
20180707-070836:936,batch53-fs,dev-bf,src/main/resources/valipop/inputs/scotland_test_population/,1188699,31250,TRUE,58439,1y,10y,248864,499266,499266,1/1/1855,01/01/2015,160.0972548,590.111203,3.00E-06,src/main/resources/valipop/results/batch53-fs/20180707-070836:936,0,0,1,0.1,TRUE,147,12535.44798,NONE,27,795.3235805,,
20180707-073426:982,batch53-fs,dev-bf,src/main/resources/valipop/inputs/scotland_test_population/,1188395,31250,TRUE,58439,1y,10y,249004,499069,499069,1/1/1855,01/01/2015,159.317294,583.5749647,2.95E-06,src/main/resources/valipop/results/batch53-fs/20180707-073426:982,0,0,1,0.1,TRUE,147,8993.867832,NONE,35,760.5526612,,
20180707-075934:758,batch53-fs,dev-bf,src/main/resources/valipop/inputs/scotland_test_population/,1184358,31250,TRUE,58439,1y,10y,247701,497193,497193,1/1/1855,01/01/2015,157.091696,567.1364818,3.61E-06,src/main/resources/valipop/results/batch53-fs/20180707-075934:758,0,0,1,0.1,TRUE,147,10452.49106,NONE,29,764.9453925,,
20180709-110457:347,batch53-fs,dev-bf,src/main/resources/valipop/inputs/scotland_test_population/,1061020,31250,TRUE,58439,1y,10y,221973,445399,445399,1/1/1855,01/01/2015,69.31998726,457.9570782,7.09E-06,src/main/resources/valipop/results/batch53-fs/20180709-110457:347,0,0,0.55,0,TRUE,147,6783.027696,NONE,6,338.4250745,,
20180709-110751:997,batch53-fs,dev-bf,src/main/resources/valipop/inputs/scotland_test_population/,1054690,31250,TRUE,58439,1y,10y,220702,443267,443267,1/1/1855,01/01/2015,72.05981969,293.7893484,6.43E-06,src/main/resources/valipop/results/batch53-fs/20180709-110751:997,0,0,0.55,0.05,TRUE,147,6099.26236,NONE,93,341.6113716,,
20180709-110815:180,batch53-fs,dev-bf,src/main/resources/valipop/inputs/scotland_test_population/,1057697,31250,TRUE,58439,1y,10y,221185,444148,444148,1/1/1855,01/01/2015,68.2860267,282.6215025,6.23E-06,src/main/resources/valipop/results/batch53-fs/20180709-110815:180,0,0,0.55,0.05,TRUE,147,5927.052344,NONE,16,339.9906341,,
20180709-110610:325,batch53-fs,dev-bf,src/main/resources/valipop/inputs/scotland_test_population/,1185121,31250,TRUE,58439,1y,10y,247995,497986,497986,1/1/1855,01/01/2015,75.58697008,465.452805,7.76E-06,src/main/resources/valipop/results/batch53-fs/20180709-110610:325,0,0,0.55,0,TRUE,147,7040.01376,NONE,5,352.5773425,,
20180709-111016:640,batch53-fs,dev-bf,src/main/resources/valipop/inputs/scotland_test_population/,1056057,31250,TRUE,58439,1y,10y,220894,443491,443491,1/1/1855,01/01/2015,71.01638119,273.47298,6.40E-06,src/main/resources/valipop/results/batch53-fs/20180709-111016:640,0,0,0.5,0.3,TRUE,147,6210.98564,NONE,16,350.0411444,,
20180709-110943:017,batch53-fs,dev-bf,src/main/resources/valipop/inputs/scotland_test_population/,1053386,31250,TRUE,58439,1y,10y,220202,442160,442160,1/1/1855,01/01/2015,71.39710606,288.2961317,5.96E-06,src/main/resources/valipop/results/batch53-fs/20180709-110943:017,0,0,0.5,0.3,TRUE,147,5690.207976,NONE,18,378.0269241,,
20180709-111305:616,batch53-fs,dev-bf,src/main/resources/valipop/inputs/scotland_test_population/,1052462,31250,TRUE,58439,1y,10y,220264,441778,441778,1/1/1855,01/01/2015,72.0521731,273.5067673,6.04E-06,src/main/resources/valipop/results/batch53-fs/20180709-111305:616,0,0,0.5,0.8,TRUE,147,6367.004768,NONE,22,352.8911453,,
20180709-111235:934,batch53-fs,dev-bf,src/main/resources/valipop/inputs/scotland_test_population/,1181469,31250,TRUE,58439,1y,10y,247295,495803,495803,1/1/1855,01/01/2015,82.53554914,285.7774694,6.45E-06,src/main/resources/valipop/results/batch53-fs/20180709-111235:934,0,0,0.5,0.8,TRUE,147,5572.636664,NONE,22,368.9157131,,
20180709-111335:730,batch53-fs,dev-bf,src/main/resources/valipop/inputs/scotland_test_population/,1052480,31250,TRUE,58439,1y,10y,220160,441819,441819,1/1/1855,01/01/2015,74.40028254,273.2238802,6.62E-06,src/main/resources/valipop/results/batch53-fs/20180709-111335:730,0,0,0.5,0.8,TRUE,147,5743.587808,NONE,15,352.103886,,
20180709-111949:344,batch53-fs,dev-bf,src/main/resources/valipop/inputs/scotland_test_population/,1183818,31250,TRUE,58439,1y,10y,247531,496842,496842,1/1/1855,01/01/2015,73.35495504,290.0896569,2.18E-06,src/main/resources/valipop/results/batch53-fs/20180709-111949:344,0,0,0.55,0.05,TRUE,147,7222.564176,NONE,17,340.1829768,,
20180709-111942:822,batch53-fs,dev-bf,src/main/resources/valipop/inputs/scotland_test_population/,1189905,31250,TRUE,58439,1y,10y,248872,499468,499468,1/1/1855,01/01/2015,80.67632252,303.470588,2.21E-06,src/main/resources/valipop/results/batch53-fs/20180709-111942:822,0,0,0.55,0.05,TRUE,147,7838.572816,NONE,21,352.565857,,
20180709-112154:514,batch53-fs,dev-bf,src/main/resources/valipop/inputs/scotland_test_population/,1189508,31250,TRUE,58439,1y,10y,248883,499600,499600,1/1/1855,01/01/2015,78.87131059,288.6828353,1.84E-06,src/main/resources/valipop/results/batch53-fs/20180709-112154:514,0,0,0.5,0.3,TRUE,147,7886.80204,NONE,20,365.6413284,,
20180709-112204:070,batch53-fs,dev-bf,src/main/resources/valipop/inputs/scotland_test_population/,1227803,31250,TRUE,58439,1y,10y,256884,515483,515483,1/1/1855,01/01/2015,82.90129518,290.2572351,2.01E-06,src/main/resources/valipop/results/batch53-fs/20180709-112204:070,0,0,0.5,0.3,TRUE,147,7821.476648,NONE,22,358.9791726,,
20180709-111928:196,batch53-fs,dev-bf,src/main/resources/valipop/inputs/scotland_test_population/,1192056,31250,TRUE,58439,1y,10y,249514,500505,500505,1/1/1855,01/01/2015,75.660001,489.3945278,1.92E-06,src/main/resources/valipop/results/batch53-fs/20180709-111928:196,0,0,0.55,0,TRUE,147,7385.888456,NONE,1,350.3430739,,
20180709-110843:451,batch53-fs,dev-bf,src/main/resources/valipop/inputs/scotland_test_population/,1055677,31250,TRUE,58439,1y,10y,220982,443461,443461,1/1/1855,01/01/2015,164.0265882,633.5461042,7.86E-06,src/main/resources/valipop/results/batch53-fs/20180709-110843:451,0,0,0.55,0.05,TRUE,147,5557.828472,NONE,22,817.9291879,,
20180709-112107:580,batch53-fs,dev-bf,src/main/resources/valipop/inputs/scotland_test_population/,1378883,31250,TRUE,58439,1y,10y,288646,578837,578837,1/1/1855,01/01/2015,87.44522874,486.6327796,1.85E-06,src/main/resources/valipop/results/batch53-fs/20180709-112107:580,0,0,0.55,0,TRUE,147,7628.44536,NONE,21,360.7029494,,
20180709-112456:893,batch53-fs,dev-bf,src/main/resources/valipop/inputs/scotland_test_population/,1190948,31250,TRUE,58439,1y,10y,249005,499563,499563,1/1/1855,01/01/2015,82.95959869,276.6771744,2.43E-06,src/main/resources/valipop/results/batch53-fs/20180709-112456:893,0,0,0.5,0.8,TRUE,147,7883.003664,NONE,22,361.7944407,,
20180709-112519:202,batch53-fs,dev-bf,src/main/resources/valipop/inputs/scotland_test_population/,1191157,31250,TRUE,58439,1y,10y,249169,500502,500502,1/1/1855,01/01/2015,83.82321299,285.2821697,2.32E-06,src/main/resources/valipop/results/batch53-fs/20180709-112519:202,0,0,0.5,0.8,TRUE,147,7378.432736,NONE,23,364.2116354,,
20180709-112447:377,batch53-fs,dev-bf,src/main/resources/valipop/inputs/scotland_test_population/,1324322,31250,TRUE,58439,1y,10y,277186,555787,555787,1/1/1855,01/01/2015,88.68395156,306.8044838,1.94E-06,src/main/resources/valipop/results/batch53-fs/20180709-112447:377,0,0,0.5,0.8,TRUE,147,7859.640992,NONE,14,372.4663526,,
20180709-113202:238,batch53-fs,dev-bf,src/main/resources/valipop/inputs/scotland_test_population/,1177409,31250,TRUE,58439,1y,10y,246661,494339,494339,1/1/1855,01/01/2015,78.58816763,305.9781494,2.25E-06,src/main/resources/valipop/results/batch53-fs/20180709-113202:238,0,0,0.55,0.05,TRUE,147,6681.964056,NONE,16,352.9148304,,
20180709-113135:553,batch53-fs,dev-bf,src/main/resources/valipop/inputs/scotland_test_population/,1331303,31250,TRUE,58439,1y,10y,278530,558789,558789,1/1/1855,01/01/2015,83.97214297,315.623598,2.37E-06,src/main/resources/valipop/results/batch53-fs/20180709-113135:553,0,0,0.55,0.05,TRUE,147,8286.38336,NONE,22,364.9757562,,
20180709-113410:220,batch53-fs,dev-bf,src/main/resources/valipop/inputs/scotland_test_population/,1191682,31250,TRUE,58439,1y,10y,249456,500235,500235,1/1/1855,01/01/2015,78.95864183,280.879753,1.96E-06,src/main/resources/valipop/results/batch53-fs/20180709-113410:220,0,0,0.5,0.3,TRUE,147,7925.688528,NONE,22,359.859368,,
20180709-113419:030,batch53-fs,dev-bf,src/main/resources/valipop/inputs/scotland_test_population/,1184303,31250,TRUE,58439,1y,10y,248040,497249,497249,1/1/1855,01/01/2015,81.16866181,278.3518685,1.66E-06,src/main/resources/valipop/results/batch53-fs/20180709-113419:030,0,0,0.5,0.3,TRUE,147,7977.675968,NONE,20,352.3777424,,
20180709-113700:865,batch53-fs,dev-bf,src/main/resources/valipop/inputs/scotland_test_population/,1199932,31250,TRUE,58439,1y,10y,251063,503897,503897,1/1/1855,01/01/2015,83.49304319,279.5128009,1.65E-06,src/main/resources/valipop/results/batch53-fs/20180709-113700:865,0,0,0.5,0.8,TRUE,147,7904.504752,NONE,90,365.8494744,,
20180709-113735:113,batch53-fs,dev-bf,src/main/resources/valipop/inputs/scotland_test_population/,1190952,31250,TRUE,58439,1y,10y,249337,500122,500122,1/1/1855,01/01/2015,83.2806795,281.0944425,1.87E-06,src/main/resources/valipop/results/batch53-fs/20180709-113735:113,0,0,0.5,0.8,TRUE,147,7785.274088,NONE,21,364.9512954,,
20180709-113446:566,batch53-fs,dev-bf,src/main/resources/valipop/inputs/scotland_test_population/,1190421,31250,TRUE,58439,1y,10y,248960,499854,499854,1/1/1855,01/01/2015,74.957462,483.9031931,2.14E-06,src/main/resources/valipop/results/batch53-fs/20180709-113446:566,0,0,0.55,0,TRUE,147,7897.261552,NONE,0,349.3943209,,
20180709-113738:280,batch53-fs,dev-bf,src/main/resources/valipop/inputs/scotland_test_population/,1325657,31250,TRUE,58439,1y,10y,277417,556359,556359,1/1/1855,01/01/2015,88.66179688,289.9220375,1.94E-06,src/main/resources/valipop/results/batch53-fs/20180709-113738:280,0,0,0.5,0.8,TRUE,147,8227.392624,NONE,64,371.8287712,,
20180709-113645:343,batch53-fs,dev-bf,src/main/resources/valipop/inputs/scotland_test_population/,1257282,31250,TRUE,58439,1y,10y,262980,527166,527166,1/1/1855,01/01/2015,79.10016661,455.1081354,1.93E-06,src/main/resources/valipop/results/batch53-fs/20180709-113645:343,0,0,0.55,0,TRUE,147,8575.57856,NONE,3,347.156888,,
20180709-114422:940,batch53-fs,dev-bf,src/main/resources/valipop/inputs/scotland_test_population/,1183826,31250,TRUE,58439,1y,10y,247676,497385,497385,1/1/1855,01/01/2015,73.92092947,294.7160799,1.72E-06,src/main/resources/valipop/results/batch53-fs/20180709-114422:940,0,0,0.55,0.05,TRUE,147,8412.409832,NONE,30,346.6745797,,
20180709-114422:258,batch53-fs,dev-bf,src/main/resources/valipop/inputs/scotland_test_population/,1331412,31250,TRUE,58439,1y,10y,278654,558738,558738,1/1/1855,01/01/2015,88.43190224,315.8274209,2.07E-06,src/main/resources/valipop/results/batch53-fs/20180709-114422:258,0,0,0.55,0.05,TRUE,147,7788.9444,NONE,15,374.1861191,,
20180709-114613:526,batch53-fs,dev-bf,src/main/resources/valipop/inputs/scotland_test_population/,1189975,31250,TRUE,58439,1y,10y,249211,499504,499504,1/1/1855,01/01/2015,80.66086148,278.7025267,2.17E-06,src/main/resources/valipop/results/batch53-fs/20180709-114613:526,0,0,0.5,0.3,TRUE,147,7980.05068,NONE,38,362.5283498,,
20180709-114612:578,batch53-fs,dev-bf,src/main/resources/valipop/inputs/scotland_test_population/,1271057,31250,TRUE,58439,1y,10y,266011,533836,533836,1/1/1855,01/01/2015,84.09644223,289.3443359,1.57E-06,src/main/resources/valipop/results/batch53-fs/20180709-114612:578,0,0,0.5,0.3,TRUE,147,8623.810344,NONE,17,371.2163962,,
20180709-114912:421,batch53-fs,dev-bf,src/main/resources/valipop/inputs/scotland_test_population/,1193206,31250,TRUE,58439,1y,10y,249669,500901,500901,1/1/1855,01/01/2015,82.75563445,276.9715896,2.18E-06,src/main/resources/valipop/results/batch53-fs/20180709-114912:421,0,0,0.5,0.8,TRUE,147,7907.361432,NONE,19,364.7849315,,
20180709-114947:040,batch53-fs,dev-bf,src/main/resources/valipop/inputs/scotland_test_population/,1181216,31250,TRUE,58439,1y,10y,247318,496234,496234,1/1/1855,01/01/2015,83.81472224,275.3904817,1.86E-06,src/main/resources/valipop/results/batch53-fs/20180709-114947:040,0,0,0.5,0.8,TRUE,147,7973.333056,NONE,22,365.1582891,,
20180709-115011:494,batch53-fs,dev-bf,src/main/resources/valipop/inputs/scotland_test_population/,1197007,31250,TRUE,58439,1y,10y,250630,502673,502673,1/1/1855,01/01/2015,80.11131202,278.8349624,1.85E-06,src/main/resources/valipop/results/batch53-fs/20180709-115011:494,0,0,0.5,0.8,TRUE,147,8030.046072,NONE,20,361.326418,,
20180709-114958:024,batch53-fs,dev-bf,src/main/resources/valipop/inputs/scotland_test_population/,1230670,31250,TRUE,58439,1y,10y,257564,516780,516780,1/1/1855,01/01/2015,75.6237491,477.1076475,1.74E-06,src/main/resources/valipop/results/batch53-fs/20180709-114958:024,0,0,0.55,0,TRUE,147,7911.497976,NONE,22,358.2270257,,
20180709-113544:707,batch53-fs,dev-bf,src/main/resources/valipop/inputs/scotland_test_population/,1309824,31250,TRUE,58439,1y,10y,274022,549691,549691,1/1/1855,01/01/2015,197.4983532,682.1012495,2.89E-06,src/main/resources/valipop/results/batch53-fs/20180709-113544:707,0,0,0.55,0.05,TRUE,147,7705.06704,NONE,21,880.9268434,,
20180709-115129:322,batch53-fs,dev-bf,src/main/resources/valipop/inputs/scotland_test_population/,1187340,31250,TRUE,58439,1y,10y,248548,498369,498369,1/1/1855,01/01/2015,72.73977294,457.7760376,1.85E-06,src/main/resources/valipop/results/batch53-fs/20180709-115129:322,0,0,0.55,0,TRUE,147,7990.253432,NONE,2,347.9949268,,
20180709-115620:692,batch53-fs,dev-bf,src/main/resources/valipop/inputs/scotland_test_population/,1186200,31250,TRUE,58439,1y,10y,248110,498228,498228,1/1/1855,01/01/2015,75.22026651,279.2401087,2.21E-06,src/main/resources/valipop/results/batch53-fs/20180709-115620:692,0,0,0.6,0.05,TRUE,147,8506.122392,NONE,16,341.4158179,,
20180709-115723:590,batch53-fs,dev-bf,src/main/resources/valipop/inputs/scotland_test_population/,1183573,31250,TRUE,58439,1y,10y,247585,496756,496756,1/1/1855,01/01/2015,79.87986506,296.1168842,2.20E-06,src/main/resources/valipop/results/batch53-fs/20180709-115723:590,0,0,0.6,0.05,TRUE,147,8379.15312,NONE,20,348.1105961,,
20180709-115817:972,batch53-fs,dev-bf,src/main/resources/valipop/inputs/scotland_test_population/,1188063,31250,TRUE,58439,1y,10y,248718,498383,498383,1/1/1855,01/01/2015,81.65842529,273.7147354,1.85E-06,src/main/resources/valipop/results/batch53-fs/20180709-115817:972,0,0,0.5,0.3,TRUE,147,8448.015152,NONE,22,367.4464506,,
20180709-115840:053,batch53-fs,dev-bf,src/main/resources/valipop/inputs/scotland_test_population/,1187526,31250,TRUE,58439,1y,10y,248493,498695,498695,1/1/1855,01/01/2015,78.94633227,272.2579752,1.90E-06,src/main/resources/valipop/results/batch53-fs/20180709-115840:053,0,0,0.5,0.3,TRUE,147,8574.022504,NONE,21,363.4283876,,
20180709-120119:576,batch53-fs,dev-bf,src/main/resources/valipop/inputs/scotland_test_population/,1186160,31250,TRUE,58439,1y,10y,248174,497932,497932,1/1/1855,01/01/2015,82.98941378,268.0267557,1.85E-06,src/main/resources/valipop/results/batch53-fs/20180709-120119:576,0,0,0.5,0.9,TRUE,147,8410.625312,NONE,22,362.6602095,,
20180709-120214:444,batch53-fs,dev-bf,src/main/resources/valipop/inputs/scotland_test_population/,1190027,31250,TRUE,58439,1y,10y,248776,499805,499805,1/1/1855,01/01/2015,81.51754204,270.9060186,2.19E-06,src/main/resources/valipop/results/batch53-fs/20180709-120214:444,0,0,0.5,0.9,TRUE,147,8259.789848,NONE,21,363.9858207,,
20180709-120154:078,batch53-fs,dev-bf,src/main/resources/valipop/inputs/scotland_test_population/,1268593,31250,TRUE,58439,1y,10y,265578,533016,533016,1/1/1855,01/01/2015,89.65081976,284.4013345,1.90E-06,src/main/resources/valipop/results/batch53-fs/20180709-120154:078,0,0,0.5,0.9,TRUE,147,7899.097616,NONE,44,374.8206263,,
20180709-120759:034,batch53-fs,dev-bf,src/main/resources/valipop/inputs/scotland_test_population/,1186093,31250,TRUE,58439,1y,10y,247951,497982,497982,1/1/1855,01/01/2015,73.11407309,280.7041162,2.27E-06,src/main/resources/valipop/results/batch53-fs/20180709-120759:034,0,0,0.6,0.05,TRUE,147,8431.657632,NONE,42,337.6187598,,
20180709-120511:509,batch53-fs,dev-bf,src/main/resources/valipop/inputs/scotland_test_population/,1187865,31250,TRUE,58439,1y,10y,248532,498836,498836,1/1/1855,01/01/2015,71.86806654,460.5384287,1.87E-06,src/main/resources/valipop/results/batch53-fs/20180709-120511:509,0,0,0.55,0,TRUE,147,7023.545176,NONE,4,353.485546,,
20180709-120610:119,batch53-fs,dev-bf,src/main/resources/valipop/inputs/scotland_test_population/,1288246,31250,TRUE,58439,1y,10y,269632,540555,540555,1/1/1855,01/01/2015,79.2957549,465.2066398,1.82E-06,src/main/resources/valipop/results/batch53-fs/20180709-120610:119,0,0,0.55,0,TRUE,147,8789.041752,NONE,12,370.2544102,,
20180709-120930:408,batch53-fs,dev-bf,src/main/resources/valipop/inputs/scotland_test_population/,1195119,31250,TRUE,58439,1y,10y,250161,501722,501722,1/1/1855,01/01/2015,78.84952068,288.0243117,1.83E-06,src/main/resources/valipop/results/batch53-fs/20180709-120930:408,0,0,0.6,0.05,TRUE,147,8224.201224,NONE,16,351.3145662,,
20180709-121023:702,batch53-fs,dev-bf,src/main/resources/valipop/inputs/scotland_test_population/,1184456,31250,TRUE,58439,1y,10y,247865,497438,497438,1/1/1855,01/01/2015,79.53626766,273.4716843,1.92E-06,src/main/resources/valipop/results/batch53-fs/20180709-121023:702,0,0,0.5,0.4,TRUE,147,8230.45968,NONE,21,355.8806373,,
20180709-121037:606,batch53-fs,dev-bf,src/main/resources/valipop/inputs/scotland_test_population/,1190599,31250,TRUE,58439,1y,10y,249001,499813,499813,1/1/1855,01/01/2015,78.6458761,274.0322948,2.14E-06,src/main/resources/valipop/results/batch53-fs/20180709-121037:606,0,0,0.5,0.4,TRUE,147,8195.313784,NONE,17,361.7213694,,
20180709-121315:730,batch53-fs,dev-bf,src/main/resources/valipop/inputs/scotland_test_population/,1190628,31250,TRUE,58439,1y,10y,249044,500029,500029,1/1/1855,01/01/2015,83.30493053,263.6215533,2.19E-06,src/main/resources/valipop/results/batch53-fs/20180709-121315:730,0,0,0.5,0.9,TRUE,147,8340.550712,NONE,22,363.9052979,,
20180709-121413:432,batch53-fs,dev-bf,src/main/resources/valipop/inputs/scotland_test_population/,1204192,31250,TRUE,58439,1y,10y,252099,505903,505903,1/1/1855,01/01/2015,81.01872885,266.2964127,2.17E-06,src/main/resources/valipop/results/batch53-fs/20180709-121413:432,0,0,0.5,0.9,TRUE,147,8121.629528,NONE,22,363.9748236,,
20180709-121426:761,batch53-fs,dev-bf,src/main/resources/valipop/inputs/scotland_test_population/,1193216,31250,TRUE,58439,1y,10y,249628,500805,500805,1/1/1855,01/01/2015,82.87557821,273.772182,2.10E-06,src/main/resources/valipop/results/batch53-fs/20180709-121426:761,0,0,0.5,0.9,TRUE,147,6282.120656,NONE,79,361.4011021,,
20180709-121933:056,batch53-fs,dev-bf,src/main/resources/valipop/inputs/scotland_test_population/,1185901,31250,TRUE,58439,1y,10y,248239,498147,498147,1/1/1855,01/01/2015,72.26359559,287.3002808,1.96E-06,src/main/resources/valipop/results/batch53-fs/20180709-121933:056,0,0,0.6,0.05,TRUE,147,8689.601424,NONE,63,345.2283626,,
20180709-120517:542,batch53-fs,dev-bf,src/main/resources/valipop/inputs/scotland_test_population/,1190249,31250,TRUE,58439,1y,10y,249149,499436,499436,1/1/1855,01/01/2015,182.3342116,642.9171755,2.29E-06,src/main/resources/valipop/results/batch53-fs/20180709-120517:542,0,0,0.55,0.05,TRUE,147,8111.102368,NONE,20,842.8843421,,
20180709-122131:152,batch53-fs,dev-bf,src/main/resources/valipop/inputs/scotland_test_population/,1321243,31250,TRUE,58439,1y,10y,276703,554680,554680,1/1/1855,01/01/2015,87.56165646,294.7194732,2.15E-06,src/main/resources/valipop/results/batch53-fs/20180709-122131:152,0,0,0.6,0.05,TRUE,147,8545.74652,NONE,21,363.0672795,,
20180709-122216:208,batch53-fs,dev-bf,src/main/resources/valipop/inputs/scotland_test_population/,1186062,31250,TRUE,58439,1y,10y,248306,497906,497906,1/1/1855,01/01/2015,78.51862759,270.4965353,1.86E-06,src/main/resources/valipop/results/batch53-fs/20180709-122216:208,0,0,0.5,0.4,TRUE,147,7257.573544,NONE,20,366.1316156,,
20180709-122234:654,batch53-fs,dev-bf,src/main/resources/valipop/inputs/scotland_test_population/,1187985,31250,TRUE,58439,1y,10y,248625,498370,498370,1/1/1855,01/01/2015,77.49951921,268.4129484,2.03E-06,src/main/resources/valipop/results/batch53-fs/20180709-122234:654,0,0,0.5,0.4,TRUE,147,8779.48524,NONE,22,368.9501463,,
20180709-121959:909,batch53-fs,dev-bf,src/main/resources/valipop/inputs/scotland_test_population/,1189407,31250,TRUE,58439,1y,10y,249056,499125,499125,1/1/1855,01/01/2015,72.50195551,458.9054734,1.13E-05,src/main/resources/valipop/results/batch53-fs/20180709-121959:909,0,0,0.65,0,TRUE,147,8024.5048,NONE,0,346.6027227,,
20180709-122127:329,batch53-fs,dev-bf,src/main/resources/valipop/inputs/scotland_test_population/,1325161,31250,TRUE,58439,1y,10y,277097,556761,556761,1/1/1855,01/01/2015,80.28149227,459.5234579,2.16E-06,src/main/resources/valipop/results/batch53-fs/20180709-122127:329,0,0,0.65,0,TRUE,147,9027.85184,NONE,9,360.3158568,,
20180709-122509:013,batch53-fs,dev-bf,src/main/resources/valipop/inputs/scotland_test_population/,1190484,31250,TRUE,58439,1y,10y,249055,499495,499495,1/1/1855,01/01/2015,81.79358396,261.3443274,2.70E-06,src/main/resources/valipop/results/batch53-fs/20180709-122509:013,0,0,0.5,0.9,TRUE,147,8401.583416,NONE,21,365.1105043,,
20180709-122607:531,batch53-fs,dev-bf,src/main/resources/valipop/inputs/scotland_test_population/,1060815,31250,TRUE,58439,1y,10y,221996,445676,445676,1/1/1855,01/01/2015,71.03382014,251.3676195,2.11E-06,src/main/resources/valipop/results/batch53-fs/20180709-122607:531,0,0,0.5,0.9,TRUE,147,8210.26972,NONE,28,352.5221992,,
20180709-122627:412,batch53-fs,dev-bf,src/main/resources/valipop/inputs/scotland_test_population/,1185570,31250,TRUE,58439,1y,10y,247882,497888,497888,1/1/1855,01/01/2015,82.10403112,270.8404026,2.08E-06,src/main/resources/valipop/results/batch53-fs/20180709-122627:412,0,0,0.5,0.9,TRUE,147,8292.39516,NONE,17,362.5416492,,
20180709-123120:290,batch53-fs,dev-bf,src/main/resources/valipop/inputs/scotland_test_population/,1190168,31250,TRUE,58439,1y,10y,249286,499145,499145,1/1/1855,01/01/2015,71.89233331,274.7568902,2.07E-06,src/main/resources/valipop/results/batch53-fs/20180709-123120:290,0,0,0.6,0.05,TRUE,147,8686.747696,NONE,22,340.5155469,,
20180709-123359:237,batch53-fs,dev-bf,src/main/resources/valipop/inputs/scotland_test_population/,1186276,31250,TRUE,58439,1y,10y,248207,498571,498571,1/1/1855,01/01/2015,77.48681749,288.7028836,1.98E-06,src/main/resources/valipop/results/batch53-fs/20180709-123359:237,0,0,0.6,0.05,TRUE,147,9071.411016,NONE,18,344.7071655,,
20180709-123413:958,batch53-fs,dev-bf,src/main/resources/valipop/inputs/scotland_test_population/,1188713,31250,TRUE,58439,1y,10y,248947,498669,498669,1/1/1855,01/01/2015,80.45642137,261.419714,2.02E-06,src/main/resources/valipop/results/batch53-fs/20180709-123413:958,0,0,0.5,0.4,TRUE,147,8732.696336,NONE,20,365.0245616,,
20180709-123432:095,batch53-fs,dev-bf,src/main/resources/valipop/inputs/scotland_test_population/,1312702,31250,TRUE,58439,1y,10y,274502,550959,550959,1/1/1855,01/01/2015,87.14792497,280.4357332,1.94E-06,src/main/resources/valipop/results/batch53-fs/20180709-123432:095,0,0,0.5,0.4,TRUE,147,8579.560736,NONE,22,370.9359357,,
20180709-123659:726,batch53-fs,dev-bf,src/main/resources/valipop/inputs/scotland_test_population/,1188061,31250,TRUE,58439,1y,10y,248690,498490,498490,1/1/1855,01/01/2015,80.44331094,260.3376189,2.09E-06,src/main/resources/valipop/results/batch53-fs/20180709-123659:726,0,0,0.5,0.9,TRUE,147,8970.402688,NONE,20,364.8758486,,
20180709-123724:754,batch53-fs,dev-bf,src/main/resources/valipop/inputs/scotland_test_population/,1188778,31250,TRUE,58439,1y,10y,248796,498988,498988,1/1/1855,01/01/2015,78.45753236,268.8218992,2.01E-06,src/main/resources/valipop/results/batch53-fs/20180709-123724:754,0,0,0.5,0.9,TRUE,147,8506.496048,NONE,22,363.6968183,,
20180709-123440:397,batch53-fs,dev-bf,src/main/resources/valipop/inputs/scotland_test_population/,1184868,31250,TRUE,58439,1y,10y,247807,497303,497303,1/1/1855,01/01/2015,72.32454741,462.5168692,1.92E-06,src/main/resources/valipop/results/batch53-fs/20180709-123440:397,0,0,0.65,0,TRUE,147,8060.609264,NONE,35,344.9395518,,
20180709-123825:468,batch53-fs,dev-bf,src/main/resources/valipop/inputs/scotland_test_population/,1188121,31250,TRUE,58439,1y,10y,248487,498850,498850,1/1/1855,01/01/2015,82.36772359,267.1192169,2.29E-06,src/main/resources/valipop/results/batch53-fs/20180709-123825:468,0,0,0.5,0.9,TRUE,147,8728.536248,NONE,16,361.6536309,,
20180709-123630:024,batch53-fs,dev-bf,src/main/resources/valipop/inputs/scotland_test_population/,1327437,31250,TRUE,58439,1y,10y,277928,556939,556939,1/1/1855,01/01/2015,78.43173514,449.2013665,2.08E-06,src/main/resources/valipop/results/batch53-fs/20180709-123630:024,0,0,0.65,0,TRUE,147,7369.745752,NONE,13,364.7482183,,
20180709-124250:052,batch53-fs,dev-bf,src/main/resources/valipop/inputs/scotland_test_population/,1331719,31250,TRUE,58439,1y,10y,278639,559446,559446,1/1/1855,01/01/2015,79.42123785,288.5250512,2.10E-06,src/main/resources/valipop/results/batch53-fs/20180709-124250:052,0,0,0.65,0.05,TRUE,147,8789.468168,NONE,21,350.0807337,,
20180709-124552:686,batch53-fs,dev-bf,src/main/resources/valipop/inputs/scotland_test_population/,1187660,31250,TRUE,58439,1y,10y,248430,498835,498835,1/1/1855,01/01/2015,75.84610712,276.6198446,2.24E-06,src/main/resources/valipop/results/batch53-fs/20180709-124552:686,0,0,0.65,0.05,TRUE,147,8901.139504,NONE,43,344.6535208,,
20180709-124603:540,batch53-fs,dev-bf,src/main/resources/valipop/inputs/scotland_test_population/,1186327,31250,TRUE,58439,1y,10y,248196,498231,498231,1/1/1855,01/01/2015,77.70835713,260.2036201,2.01E-06,src/main/resources/valipop/results/batch53-fs/20180709-124603:540,0,0,0.5,0.4,TRUE,147,9014.701272,NONE,54,361.1083876,,
20180709-124653:365,batch53-fs,dev-bf,src/main/resources/valipop/inputs/scotland_test_population/,1183162,31250,TRUE,58439,1y,10y,247506,496847,496847,1/1/1855,01/01/2015,76.55012714,263.6152629,1.78E-06,src/main/resources/valipop/results/batch53-fs/20180709-124653:365,0,0,0.5,0.4,TRUE,147,9178.337496,NONE,45,362.4676965,,
20180709-124847:827,batch53-fs,dev-bf,src/main/resources/valipop/inputs/scotland_test_population/,1191837,31250,TRUE,58439,1y,10y,249436,500451,500451,1/1/1855,01/01/2015,79.64788319,258.0765892,2.30E-06,src/main/resources/valipop/results/batch53-fs/20180709-124847:827,0,0,0.5,1,TRUE,147,9090.132656,NONE,21,359.7493409,,
20180709-124918:417,batch53-fs,dev-bf,src/main/resources/valipop/inputs/scotland_test_population/,1187838,31250,TRUE,58439,1y,10y,248704,498780,498780,1/1/1855,01/01/2015,78.07943538,265.0988733,2.18E-06,src/main/resources/valipop/results/batch53-fs/20180709-124918:417,0,0,0.5,1,TRUE,147,8615.046536,NONE,22,366.4755318,,
20180709-123310:520,batch53-fs,dev-bf,src/main/resources/valipop/inputs/scotland_test_population/,1308642,31250,TRUE,58439,1y,10y,273878,549333,549333,1/1/1855,01/01/2015,196.9271607,684.3155392,2.55E-06,src/main/resources/valipop/results/batch53-fs/20180709-123310:520,0,0,0.55,0.05,TRUE,147,8358.578048,NONE,21,872.4571852,,
20180709-125019:251,batch53-fs,dev-bf,src/main/resources/valipop/inputs/scotland_test_population/,1330229,31250,TRUE,58439,1y,10y,278359,558679,558679,1/1/1855,01/01/2015,89.16817373,288.3509554,2.08E-06,src/main/resources/valipop/results/batch53-fs/20180709-125019:251,0,0,0.5,1,TRUE,147,9000.46392,NONE,46,380.9329414,,
20180709-124922:547,batch53-fs,dev-bf,src/main/resources/valipop/inputs/scotland_test_population/,1263346,31250,TRUE,58439,1y,10y,264333,530708,530708,1/1/1855,01/01/2015,75.53016053,469.6805377,1.97E-06,src/main/resources/valipop/results/batch53-fs/20180709-124922:547,0,0,0.65,0,TRUE,147,8355.868544,NONE,10,361.4041328,,
20180709-125125:655,batch53-fs,dev-bf,src/main/resources/valipop/inputs/scotland_test_population/,1186545,31250,TRUE,58439,1y,10y,248339,497532,497532,1/1/1855,01/01/2015,72.46529536,436.4344783,1.94E-06,src/main/resources/valipop/results/batch53-fs/20180709-125125:655,0,0,0.65,0,TRUE,147,8970.462296,NONE,5,349.5856893,,
20180709-125450:855,batch53-fs,dev-bf,src/main/resources/valipop/inputs/scotland_test_population/,1296978,31250,TRUE,58439,1y,10y,271352,544827,544827,1/1/1855,01/01/2015,76.94982774,288.0284797,2.07E-06,src/main/resources/valipop/results/batch53-fs/20180709-125450:855,0,0,0.65,0.05,TRUE,147,9125.571752,NONE,24,341.4234407,,
20180709-125732:433,batch53-fs,dev-bf,src/main/resources/valipop/inputs/scotland_test_population/,1183564,31250,TRUE,58439,1y,10y,247632,497369,497369,1/1/1855,01/01/2015,75.46384149,272.7908147,2.19E-06,src/main/resources/valipop/results/batch53-fs/20180709-125732:433,0,0,0.65,0.05,TRUE,147,8918.90256,NONE,77,343.0071068,,
20180709-125745:289,batch53-fs,dev-bf,src/main/resources/valipop/inputs/scotland_test_population/,1191258,31250,TRUE,58439,1y,10y,249238,499800,499800,1/1/1855,01/01/2015,78.10234041,261.2790446,2.00E-06,src/main/resources/valipop/results/batch53-fs/20180709-125745:289,0,0,0.5,0.4,TRUE,147,8967.676912,NONE,22,362.283005,,
20180709-125838:540,batch53-fs,dev-bf,src/main/resources/valipop/inputs/scotland_test_population/,1186031,31250,TRUE,58439,1y,10y,248337,498017,498017,1/1/1855,01/01/2015,77.06710411,259.2794391,2.13E-06,src/main/resources/valipop/results/batch53-fs/20180709-125838:540,0,0,0.5,0.4,TRUE,147,9020.68696,NONE,22,363.8773789,,
20180709-130027:852,batch53-fs,dev-bf,src/main/resources/valipop/inputs/scotland_test_population/,1324776,31250,TRUE,58439,1y,10y,277305,556355,556355,1/1/1855,01/01/2015,88.33090175,276.3766621,2.21E-06,src/main/resources/valipop/results/batch53-fs/20180709-130027:852,0,0,0.5,1,TRUE,147,9230.643432,NONE,22,377.5410824,,
20180709-130110:667,batch53-fs,dev-bf,src/main/resources/valipop/inputs/scotland_test_population/,1204176,31250,TRUE,58439,1y,10y,252147,505934,505934,1/1/1855,01/01/2015,79.35536444,263.8070995,2.09E-06,src/main/resources/valipop/results/batch53-fs/20180709-130110:667,0,0,0.5,1,TRUE,147,8958.401136,NONE,22,368.6974542,,
20180709-130300:648,batch53-fs,dev-bf,src/main/resources/valipop/inputs/scotland_test_population/,1190881,31250,TRUE,58439,1y,10y,249441,500031,500031,1/1/1855,01/01/2015,80.21078773,271.7833373,2.38E-06,src/main/resources/valipop/results/batch53-fs/20180709-130300:648,0,0,0.5,1,TRUE,147,9091.880952,NONE,21,369.5728805,,
20180709-130639:922,batch53-fs,dev-bf,src/main/resources/valipop/inputs/scotland_test_population/,1184284,31250,TRUE,58439,1y,10y,247766,497231,497231,1/1/1855,01/01/2015,70.56437325,269.1092214,2.09E-06,src/main/resources/valipop/results/batch53-fs/20180709-130639:922,0,0,0.65,0.05,TRUE,147,8957.279504,NONE,22,334.8313185,,
20180709-130431:696,batch53-fs,dev-bf,src/main/resources/valipop/inputs/scotland_test_population/,1188615,31250,TRUE,58439,1y,10y,248662,499190,499190,1/1/1855,01/01/2015,71.50692995,446.0857778,1.09E-05,src/main/resources/valipop/results/batch53-fs/20180709-130431:696,0,0,0.65,0,TRUE,147,8739.79104,NONE,3,349.58597,,
20180709-130546:520,batch53-fs,dev-bf,src/main/resources/valipop/inputs/scotland_test_population/,1319940,31250,TRUE,58439,1y,10y,276421,554554,554554,1/1/1855,01/01/2015,80.02655969,439.5558827,2.03E-06,src/main/resources/valipop/results/batch53-fs/20180709-130546:520,0,0,0.65,0,TRUE,147,7863.783776,NONE,5,367.7109311,,
20180709-130906:225,batch53-fs,dev-bf,src/main/resources/valipop/inputs/scotland_test_population/,1186041,31250,TRUE,58439,1y,10y,248135,497942,497942,1/1/1855,01/01/2015,76.64350567,276.6905573,2.30E-06,src/main/resources/valipop/results/batch53-fs/20180709-130906:225,0,0,0.65,0.05,TRUE,147,8066.647568,NONE,16,344.6662197,,
20180709-131305:257,batch53-fs,dev-bf,src/main/resources/valipop/inputs/scotland_test_population/,1184715,31250,TRUE,58439,1y,10y,247851,497488,497488,1/1/1855,01/01/2015,78.80924501,257.2863869,1.85E-06,src/main/resources/valipop/results/batch53-fs/20180709-131305:257,0,0,0.5,1,TRUE,147,8539.309184,NONE,20,369.5250639,,
20180709-131252:774,batch53-fs,dev-bf,src/main/resources/valipop/inputs/scotland_test_population/,1325885,31250,TRUE,58439,1y,10y,277519,556631,556631,1/1/1855,01/01/2015,89.33026259,276.0411892,1.78E-06,src/main/resources/valipop/results/batch53-fs/20180709-131252:774,0,0,0.5,1,TRUE,147,9239.385928,NONE,13,379.1839742,,
20180709-131504:893,batch53-fs,dev-bf,src/main/resources/valipop/inputs/scotland_test_population/,1324047,31250,TRUE,58439,1y,10y,277062,556412,556412,1/1/1855,01/01/2015,88.61549484,286.8113589,1.87E-06,src/main/resources/valipop/results/batch53-fs/20180709-131504:893,0,0,0.5,1,TRUE,147,8924.400288,NONE,17,372.959917,,
20180709-131756:857,batch53-fs,dev-bf,src/main/resources/valipop/inputs/scotland_test_population/,1190285,31250,TRUE,58439,1y,10y,249179,500202,500202,1/1/1855,01/01/2015,70.7483137,277.2335905,2.29E-06,src/main/resources/valipop/results/batch53-fs/20180709-131756:857,0,0,0.65,0.05,TRUE,147,9106.543304,NONE,17,340.0029505,,
20180709-130228:585,batch53-fs,dev-bf,src/main/resources/valipop/inputs/scotland_test_population/,1190587,31250,TRUE,58439,1y,10y,248977,499717,499717,1/1/1855,01/01/2015,176.6159928,634.748704,2.38E-06,src/main/resources/valipop/results/batch53-fs/20180709-130228:585,0,0,0.6,0.05,TRUE,147,8314.295864,NONE,23,859.0496877,,
20180709-132046:735,batch53-fs,dev-bf,src/main/resources/valipop/inputs/scotland_test_population/,1189988,31250,TRUE,58439,1y,10y,249024,499018,499018,1/1/1855,01/01/2015,76.03828832,275.2361219,1.80E-06,src/main/resources/valipop/results/batch53-fs/20180709-132046:735,0,0,0.65,0.05,TRUE,147,9161.847016,NONE,16,343.9743669,,
20180709-131901:265,batch53-fs,dev-bf,src/main/resources/valipop/inputs/scotland_test_population/,1184601,31250,TRUE,58439,1y,10y,247711,497235,497235,1/1/1855,01/01/2015,70.84948862,446.3624865,2.29E-06,src/main/resources/valipop/results/batch53-fs/20180709-131901:265,0,0,0.65,0,TRUE,147,7498.650136,NONE,9,355.2050654,,
20180709-132036:322,batch53-fs,dev-bf,src/main/resources/valipop/inputs/scotland_test_population/,1246424,31250,TRUE,58439,1y,10y,260802,523394,523394,1/1/1855,01/01/2015,75.61579984,439.8812762,2.24E-06,src/main/resources/valipop/results/batch53-fs/20180709-132036:322,0,0,0.65,0,TRUE,147,9088.149424,NONE,4,358.8616737,,
20180709-132453:416,batch53-fs,dev-bf,src/main/resources/valipop/inputs/scotland_test_population/,1252295,31250,TRUE,58439,1y,10y,262409,525513,525513,1/1/1855,01/01/2015,80.43553109,266.6778632,2.34E-06,src/main/resources/valipop/results/batch53-fs/20180709-132453:416,0,0,0.5,1,TRUE,147,8901.277304,NONE,22,373.3768346,,
20180709-132520:089,batch53-fs,dev-bf,src/main/resources/valipop/inputs/scotland_test_population/,1183984,31250,TRUE,58439,1y,10y,248002,496847,496847,1/1/1855,01/01/2015,79.60727073,255.592241,2.22E-06,src/main/resources/valipop/results/batch53-fs/20180709-132520:089,0,0,0.5,1,TRUE,147,9208.341632,NONE,17,361.6943507,,
20180709-132736:123,batch53-fs,dev-bf,src/main/resources/valipop/inputs/scotland_test_population/,1187426,31250,TRUE,58439,1y,10y,248395,498555,498555,1/1/1855,01/01/2015,80.95264967,262.7463069,2.37E-06,src/main/resources/valipop/results/batch53-fs/20180709-132736:123,0,0,0.5,1,TRUE,147,9187.644464,NONE,26,360.5626915,,
20180709-133023:043,batch53-fs,dev-bf,src/main/resources/valipop/inputs/scotland_test_population/,1188272,31250,TRUE,58439,1y,10y,248677,499218,499218,1/1/1855,01/01/2015,177.131731,630.9765495,2.47E-06,src/main/resources/valipop/results/batch53-fs/20180709-133023:043,0,0,0.6,0.05,TRUE,147,8408.693768,NONE,22,816.5984478,,
20180709-135731:697,batch53-fs,dev-bf,src/main/resources/valipop/inputs/scotland_test_population/,1191108,31250,TRUE,58439,1y,10y,249091,499984,499984,1/1/1855,01/01/2015,174.8278824,654.4667586,2.46E-06,src/main/resources/valipop/results/batch53-fs/20180709-135731:697,0,0,0.6,0.05,TRUE,147,8817.408112,NONE,22,841.3002363,,
20180709-142526:494,batch53-fs,dev-bf,src/main/resources/valipop/inputs/scotland_test_population/,1190235,31250,TRUE,58439,1y,10y,248874,499851,499851,1/1/1855,01/01/2015,173.0544894,628.6660293,2.61E-06,src/main/resources/valipop/results/batch53-fs/20180709-142526:494,0,0,0.6,0.05,TRUE,147,7123.492312,NONE,20,838.6230118,,
20180709-145250:728,batch53-fs,dev-bf,src/main/resources/valipop/inputs/scotland_test_population/,1195901,31250,TRUE,58439,1y,10y,250160,502179,502179,1/1/1855,01/01/2015,173.1827302,637.9913439,2.30E-06,src/main/resources/valipop/results/batch53-fs/20180709-145250:728,0,0,0.65,0.05,TRUE,147,8861.69588,NONE,16,822.2677036,,
20180709-152008:201,batch53-fs,dev-bf,src/main/resources/valipop/inputs/scotland_test_population/,1190707,31250,TRUE,58439,1y,10y,249084,500286,500286,1/1/1855,01/01/2015,173.0815085,629.2039056,2.29E-06,src/main/resources/valipop/results/batch53-fs/20180709-152008:201,0,0,0.65,0.05,TRUE,147,9057.48848,NONE,20,825.4383159,,
20180709-154720:136,batch53-fs,dev-bf,src/main/resources/valipop/inputs/scotland_test_population/,1189807,31250,TRUE,58439,1y,10y,249020,499238,499238,1/1/1855,01/01/2015,173.0229358,628.1881482,2.34E-06,src/main/resources/valipop/results/batch53-fs/20180709-154720:136,0,0,0.65,0.05,TRUE,147,9133.022104,NONE,28,828.1994772,,
20180709-161433:749,batch53-fs,dev-bf,src/main/resources/valipop/inputs/scotland_test_population/,1253214,31250,TRUE,58439,1y,10y,262189,526507,526507,1/1/1855,01/01/2015,182.5071565,644.6699826,2.37E-06,src/main/resources/valipop/results/batch53-fs/20180709-161433:749,0,0,0.65,0.05,TRUE,147,9072.705232,NONE,18,832.4612734,,