Start Time,Reason,Code Version,Inputs Directory,Total Pop,Completed,Sim Length,Timestep,Input Width,Start Pop,End Pop,Peak Pop,Start Date,End Date,Sim Run time,CT Run time,Records Run time,Results Directory
scot-a,dev,src/main/resources/scotland_test_population,20170803-003510:362,0,false,58804,1y,100y,331640,0,0,1/1/1855,1/1/2016,25.164599455,0.0,0.0,results/scot-a/20170803-003510:362
scot-a,dev,src/main/resources/scotland_test_population,20170803-003535:533,0,false,58804,1y,100y,182540,0,0,1/1/1855,1/1/2016,50.687916807,0.0,0.0,results/scot-a/20170803-003535:533
scot-a,dev,src/main/resources/scotland_test_population,20170803-003626:222,1213310,true,58804,1y,100y,182801,96028,182080,1/1/1855,1/1/2016,62.097361264,424.045029039,17.642156199,results/scot-a/20170803-003626:222
scot-a,dev,src/main/resources/scotland_test_population,20170803-004450:006,0,false,58804,1y,100y,328203,0,0,1/1/1855,1/1/2016,22.111842583,0.0,0.0,results/scot-a/20170803-004450:006
scot-a,dev,src/main/resources/scotland_test_population,20170803-004512:118,1212052,true,58804,1y,100y,182492,95850,181779,1/1/1855,1/1/2016,61.195789341,272.595153623,16.430424105,results/scot-a/20170803-004512:118
scot-a,dev,src/main/resources/scotland_test_population,20170803-005102:340,0,false,58804,1y,100y,192275,0,0,1/1/1855,1/1/2016,42.561871726,0.0,0.0,results/scot-a/20170803-005102:340
scot-a,dev,src/main/resources/scotland_test_population,20170803-005144:902,0,false,58804,1y,100y,336945,0,0,1/1/1855,1/1/2016,20.406788317,0.0,0.0,results/scot-a/20170803-005144:902
scot-a,dev,src/main/resources/scotland_test_population,20170803-005205:309,0,false,58804,1y,100y,270752,0,0,1/1/1855,1/1/2016,34.303161225,0.0,0.0,results/scot-a/20170803-005205:309
scot-a,dev,src/main/resources/scotland_test_population,20170803-005239:613,0,false,58804,1y,100y,184059,0,0,1/1/1855,1/1/2016,43.764631324,0.0,0.0,results/scot-a/20170803-005239:613
scot-a,dev,src/main/resources/scotland_test_population,20170803-005323:377,0,false,58804,1y,100y,342756,0,0,1/1/1855,1/1/2016,16.459059329,0.0,0.0,results/scot-a/20170803-005323:377
scot-a,dev,src/main/resources/scotland_test_population,20170803-005339:837,0,false,58804,1y,100y,312250,0,0,1/1/1855,1/1/2016,29.423786592,0.0,0.0,results/scot-a/20170803-005339:837
scot-a,dev,src/main/resources/scotland_test_population,20170803-005409:261,0,false,58804,1y,100y,339874,0,0,1/1/1855,1/1/2016,19.594677246,0.0,0.0,results/scot-a/20170803-005409:261
scot-a,dev,src/main/resources/scotland_test_population,20170803-005428:856,0,false,58804,1y,100y,268369,0,0,1/1/1855,1/1/2016,30.243100284,0.0,0.0,results/scot-a/20170803-005428:856
scot-a,dev,src/main/resources/scotland_test_population,20170803-005459:099,1213244,true,58804,1y,100y,182766,96052,182040,1/1/1855,1/1/2016,61.241960584,263.908464229,16.777961231,results/scot-a/20170803-005459:099
scot-a,dev,src/main/resources/scotland_test_population,20170803-010041:028,0,false,58804,1y,100y,182819,0,0,1/1/1855,1/1/2016,53.984721079,0.0,0.0,results/scot-a/20170803-010041:028
scot-a,dev,src/main/resources/scotland_test_population,20170803-010135:013,0,false,58804,1y,100y,316201,0,0,1/1/1855,1/1/2016,20.729296862,0.0,0.0,results/scot-a/20170803-010135:013
scot-a,dev,src/main/resources/scotland_test_population,20170803-010155:743,0,false,58804,1y,100y,182823,0,0,1/1/1855,1/1/2016,57.455398887,0.0,0.0,results/scot-a/20170803-010155:743
scot-a,dev,src/main/resources/scotland_test_population,20170803-010253:198,0,false,58804,1y,100y,308585,0,0,1/1/1855,1/1/2016,24.261069212,0.0,0.0,results/scot-a/20170803-010253:198
scot-a,dev,src/main/resources/scotland_test_population,20170803-010317:459,0,false,58804,1y,100y,315935,0,0,1/1/1855,1/1/2016,23.244854337,0.0,0.0,results/scot-a/20170803-010317:459
scot-a,dev,src/main/resources/scotland_test_population,20170803-010340:705,0,false,58804,1y,100y,280511,0,0,1/1/1855,1/1/2016,28.39255702,0.0,0.0,results/scot-a/20170803-010340:705
scot-a,dev,src/main/resources/scotland_test_population,20170803-010409:097,0,false,58804,1y,100y,334977,0,0,1/1/1855,1/1/2016,20.446041694,0.0,0.0,results/scot-a/20170803-010409:097
scot-a,dev,src/main/resources/scotland_test_population,20170803-010429:544,0,false,58804,1y,100y,182560,0,0,1/1/1855,1/1/2016,50.830482383,0.0,0.0,results/scot-a/20170803-010429:544
scot-a,dev,src/main/resources/scotland_test_population,20170803-010520:374,0,false,58804,1y,100y,345909,0,0,1/1/1855,1/1/2016,18.022965084,0.0,0.0,results/scot-a/20170803-010520:374
scot-a,dev,src/main/resources/scotland_test_population,20170803-010538:398,0,false,58804,1y,100y,333837,0,0,1/1/1855,1/1/2016,20.611027494,0.0,0.0,results/scot-a/20170803-010538:398
scot-a,dev,src/main/resources/scotland_test_population,20170803-010559:009,1213356,true,58804,1y,100y,182786,96075,182065,1/1/1855,1/1/2016,61.270604123,267.04872172,16.078510818,results/scot-a/20170803-010559:009
scot-a,dev,src/main/resources/scotland_test_population,20170803-011143:407,0,false,58804,1y,100y,344571,0,0,1/1/1855,1/1/2016,24.749273603,0.0,0.0,results/scot-a/20170803-011143:407
scot-a,dev,src/main/resources/scotland_test_population,20170803-011208:156,1212073,true,58804,1y,100y,182521,95818,181798,1/1/1855,1/1/2016,61.476004721,264.601575628,15.959144992,results/scot-a/20170803-011208:156
scot-a,dev,src/main/resources/scotland_test_population,20170803-011750:193,1212788,true,58804,1y,100y,182671,95960,181949,1/1/1855,1/1/2016,61.34177539,265.831774423,15.94164711,results/scot-a/20170803-011750:193
scot-a,dev,src/main/resources/scotland_test_population,20170803-012333:309,0,false,58804,1y,100y,312328,0,0,1/1/1855,1/1/2016,23.837060911,0.0,0.0,results/scot-a/20170803-012333:309
scot-a,dev,src/main/resources/scotland_test_population,20170803-012357:146,0,false,58804,1y,100y,339876,0,0,1/1/1855,1/1/2016,19.433075119,0.0,0.0,results/scot-a/20170803-012357:146
scot-a,dev,src/main/resources/scotland_test_population,20170803-012416:579,0,false,58804,1y,100y,345851,0,0,1/1/1855,1/1/2016,25.213824106,0.0,0.0,results/scot-a/20170803-012416:579
scot-a,dev,src/main/resources/scotland_test_population,20170803-012441:794,1213166,true,58804,1y,100y,182762,96021,182039,1/1/1855,1/1/2016,60.895253317,262.22490045,15.911993669,results/scot-a/20170803-012441:794
scot-a,dev,src/main/resources/scotland_test_population,20170803-013020:826,0,false,58804,1y,100y,283815,0,0,1/1/1855,1/1/2016,10.504311709,0.0,0.0,results/scot-a/20170803-013020:826
scot-a,dev,src/main/resources/scotland_test_population,20170803-013031:330,0,false,58804,1y,100y,316014,0,0,1/1/1855,1/1/2016,23.064416982,0.0,0.0,results/scot-a/20170803-013031:330
scot-a,dev,src/main/resources/scotland_test_population,20170803-013054:395,0,false,58804,1y,100y,258048,0,0,1/1/1855,1/1/2016,31.726857052,0.0,0.0,results/scot-a/20170803-013054:395
scot-a,dev,src/main/resources/scotland_test_population,20170803-013126:122,0,false,58804,1y,100y,182659,0,0,1/1/1855,1/1/2016,55.90268926,0.0,0.0,results/scot-a/20170803-013126:122
scot-a,dev,src/main/resources/scotland_test_population,20170803-013222:025,0,false,58804,1y,100y,309855,0,0,1/1/1855,1/1/2016,24.214976066,0.0,0.0,results/scot-a/20170803-013222:025
scot-a,dev,src/main/resources/scotland_test_population,20170803-013246:240,0,false,58804,1y,100y,200247,0,0,1/1/1855,1/1/2016,43.113350607,0.0,0.0,results/scot-a/20170803-013246:240
scot-a,dev,src/main/resources/scotland_test_population,20170803-013329:354,0,false,58804,1y,100y,312173,0,0,1/1/1855,1/1/2016,23.775013568,0.0,0.0,results/scot-a/20170803-013329:354
scot-a,dev,src/main/resources/scotland_test_population,20170803-013353:129,0,false,58804,1y,100y,249151,0,0,1/1/1855,1/1/2016,36.698461413,0.0,0.0,results/scot-a/20170803-013353:129
scot-a,dev,src/main/resources/scotland_test_population,20170803-013429:828,0,false,58804,1y,100y,190725,0,0,1/1/1855,1/1/2016,42.717684566,0.0,0.0,results/scot-a/20170803-013429:828
scot-a,dev,src/main/resources/scotland_test_population,20170803-013512:546,0,false,58804,1y,100y,197050,0,0,1/1/1855,1/1/2016,41.685950882,0.0,0.0,results/scot-a/20170803-013512:546
scot-a,dev,src/main/resources/scotland_test_population,20170803-013554:232,0,false,58804,1y,100y,182772,0,0,1/1/1855,1/1/2016,47.862317038,0.0,0.0,results/scot-a/20170803-013554:232
scot-a,dev,src/main/resources/scotland_test_population,20170803-013642:095,0,false,58804,1y,100y,266299,0,0,1/1/1855,1/1/2016,30.574142793,0.0,0.0,results/scot-a/20170803-013642:095
scot-a,dev,src/main/resources/scotland_test_population,20170803-013712:669,0,false,58804,1y,100y,302696,0,0,1/1/1855,1/1/2016,12.009712147,0.0,0.0,results/scot-a/20170803-013712:669
scot-a,dev,src/main/resources/scotland_test_population,20170803-013724:679,0,false,58804,1y,100y,233602,0,0,1/1/1855,1/1/2016,38.343318938,0.0,0.0,results/scot-a/20170803-013724:679
scot-a,dev,src/main/resources/scotland_test_population,20170803-013803:023,0,false,58804,1y,100y,319710,0,0,1/1/1855,1/1/2016,28.130349595,0.0,0.0,results/scot-a/20170803-013803:023
scot-a,dev,src/main/resources/scotland_test_population,20170803-013831:153,1213017,true,58804,1y,100y,182745,95983,182013,1/1/1855,1/1/2016,60.980597585,263.045740418,16.023520656,results/scot-a/20170803-013831:153
scot-a,dev,src/main/resources/scotland_test_population,20170803-014411:203,0,false,58804,1y,100y,182779,0,0,1/1/1855,1/1/2016,44.655697977,0.0,0.0,results/scot-a/20170803-014411:203
scot-a,dev,src/main/resources/scotland_test_population,20170803-014455:859,0,false,58804,1y,100y,308608,0,0,1/1/1855,1/1/2016,29.300935423,0.0,0.0,results/scot-a/20170803-014455:859
scot-a,dev,src/main/resources/scotland_test_population,20170803-014525:160,0,false,58804,1y,100y,258145,0,0,1/1/1855,1/1/2016,31.799838115,0.0,0.0,results/scot-a/20170803-014525:160
scot-a,dev,src/main/resources/scotland_test_population,20170803-014556:960,0,false,58804,1y,100y,282834,0,0,1/1/1855,1/1/2016,32.612243657,0.0,0.0,results/scot-a/20170803-014556:960
scot-a,dev,src/main/resources/scotland_test_population,20170803-014629:573,0,false,58804,1y,100y,319646,0,0,1/1/1855,1/1/2016,22.714288749,0.0,0.0,results/scot-a/20170803-014629:573
scot-a,dev,src/main/resources/scotland_test_population,20170803-014652:287,0,false,58804,1y,100y,345616,0,0,1/1/1855,1/1/2016,17.301466012,0.0,0.0,results/scot-a/20170803-014652:287
scot-a,dev,src/main/resources/scotland_test_population,20170803-014709:589,0,false,58804,1y,100y,223846,0,0,1/1/1855,1/1/2016,37.212441264,0.0,0.0,results/scot-a/20170803-014709:589
scot-a,dev,src/main/resources/scotland_test_population,20170803-014746:802,0,false,58804,1y,100y,182578,0,0,1/1/1855,1/1/2016,45.359545919,0.0,0.0,results/scot-a/20170803-014746:802
scot-a,dev,src/main/resources/scotland_test_population,20170803-014832:162,0,false,58804,1y,100y,261204,0,0,1/1/1855,1/1/2016,31.293353632,0.0,0.0,results/scot-a/20170803-014832:162
scot-a,dev,src/main/resources/scotland_test_population,20170803-014903:455,0,false,58804,1y,100y,266291,0,0,1/1/1855,1/1/2016,34.402792509,0.0,0.0,results/scot-a/20170803-014903:455
scot-a,dev,src/main/resources/scotland_test_population,20170803-014937:858,0,false,58804,1y,100y,231794,0,0,1/1/1855,1/1/2016,38.857724338,0.0,0.0,results/scot-a/20170803-014937:858
scot-a,dev,src/main/resources/scotland_test_population,20170803-015016:716,0,false,58804,1y,100y,246004,0,0,1/1/1855,1/1/2016,33.685555259,0.0,0.0,results/scot-a/20170803-015016:716
scot-a,dev,src/main/resources/scotland_test_population,20170803-015050:402,0,false,58804,1y,100y,306207,0,0,1/1/1855,1/1/2016,12.393185691,0.0,0.0,results/scot-a/20170803-015050:402
scot-a,dev,src/main/resources/scotland_test_population,20170803-015102:795,0,false,58804,1y,100y,182732,0,0,1/1/1855,1/1/2016,60.335870849,0.0,0.0,results/scot-a/20170803-015102:795
scot-a,dev,src/main/resources/scotland_test_population,20170803-015203:131,0,false,58804,1y,100y,182828,0,0,1/1/1855,1/1/2016,51.393889358,0.0,0.0,results/scot-a/20170803-015203:131
scot-a,dev,src/main/resources/scotland_test_population,20170803-015254:525,0,false,58804,1y,100y,344563,0,0,1/1/1855,1/1/2016,24.644660432,0.0,0.0,results/scot-a/20170803-015254:525
scot-a,dev,src/main/resources/scotland_test_population,20170803-015319:170,1212054,true,58804,1y,100y,182508,95814,181797,1/1/1855,1/1/2016,61.250080889,263.102210326,15.946002238,results/scot-a/20170803-015319:170
scot-a,dev,src/main/resources/scotland_test_population,20170803-015859:469,0,false,58804,1y,100y,242268,0,0,1/1/1855,1/1/2016,37.316230758,0.0,0.0,results/scot-a/20170803-015859:469
scot-a,dev,src/main/resources/scotland_test_population,20170803-015936:785,1213245,true,58804,1y,100y,182776,96025,182056,1/1/1855,1/1/2016,61.282704465,266.60544661,15.922393987,results/scot-a/20170803-015936:785
scot-b,dev,src/main/resources/scotland_test_population,20170803-071134:453,0,false,58804,1y,100y,621962,0,0,1/1/1855,1/1/2016,108.913352446,0.0,0.0,results/scot-b/20170803-071134:453
scot-b,dev,src/main/resources/scotland_test_population,20170803-071323:370,0,false,58804,1y,100y,655584,0,0,1/1/1855,1/1/2016,150.918071717,0.0,0.0,results/scot-b/20170803-071323:370
scot-b,dev,src/main/resources/scotland_test_population,20170803-071554:288,0,false,58804,1y,100y,607493,0,0,1/1/1855,1/1/2016,70.838639695,0.0,0.0,results/scot-b/20170803-071554:288
scot-b,dev,src/main/resources/scotland_test_population,20170803-071705:127,0,false,58804,1y,100y,535344,0,0,1/1/1855,1/1/2016,91.494575089,0.0,0.0,results/scot-b/20170803-071705:127
scot-b,dev,src/main/resources/scotland_test_population,20170803-071836:622,0,false,58804,1y,100y,567670,0,0,1/1/1855,1/1/2016,75.230680235,0.0,0.0,results/scot-b/20170803-071836:622
scot-b,dev,src/main/resources/scotland_test_population,20170803-071951:854,0,false,58804,1y,100y,691165,0,0,1/1/1855,1/1/2016,130.382562489,0.0,0.0,results/scot-b/20170803-071951:854
scot-c,dev,src/main/resources/scotland_test_population,20170803-071206:240,0,false,58804,1y,100y,956813,0,0,1/1/1855,1/1/2016,619.069195251,0.0,0.0,results/scot-c/20170803-071206:240
scot-z,dev,src/main/resources/scotland_test_population,20170803-071659:508,243491,true,58804,1y,100y,36490,19180,36347,1/1/1855,1/1/2016,16.161745325,338.101217379,4.019035924,results/scot-z/20170803-071659:508
scot-b,dev,src/main/resources/scotland_test_population,20170803-072202:237,0,false,58804,1y,100y,541275,0,0,1/1/1855,1/1/2016,77.104181569,0.0,0.0,results/scot-b/20170803-072202:237
scot-b,dev,src/main/resources/scotland_test_population,20170803-072319:341,0,false,58804,1y,100y,365717,0,0,1/1/1855,1/1/2016,104.831493703,0.0,0.0,results/scot-b/20170803-072319:341
scot-b,dev,src/main/resources/scotland_test_population,20170803-072504:173,0,false,58804,1y,100y,498284,0,0,1/1/1855,1/1/2016,80.455614184,0.0,0.0,results/scot-b/20170803-072504:173
scot-z,dev,src/main/resources/scotland_test_population,20170803-072257:790,242675,true,58804,1y,100y,36574,19214,36426,1/1/1855,1/1/2016,12.917431333,202.611832923,3.44144144,results/scot-z/20170803-072257:790
scot-z,dev,src/main/resources/scotland_test_population,20170803-072636:761,0,false,58804,1y,100y,48577,0,0,1/1/1855,1/1/2016,5.972952514,0.0,0.0,results/scot-z/20170803-072636:761
scot-b,dev,src/main/resources/scotland_test_population,20170803-072624:629,0,false,58804,1y,100y,365445,0,0,1/1/1855,1/1/2016,115.204374062,0.0,0.0,results/scot-b/20170803-072624:629
scot-z,dev,src/main/resources/scotland_test_population,20170803-072642:734,242472,true,58804,1y,100y,36507,19192,36356,1/1/1855,1/1/2016,12.781238181,199.699664699,3.196303805,results/scot-z/20170803-072642:734
scot-b,dev,src/main/resources/scotland_test_population,20170803-072819:834,0,false,58804,1y,100y,634438,0,0,1/1/1855,1/1/2016,124.465174521,0.0,0.0,results/scot-b/20170803-072819:834
scot-b,dev,src/main/resources/scotland_test_population,20170803-073024:300,0,false,58804,1y,100y,495971,0,0,1/1/1855,1/1/2016,106.708622704,0.0,0.0,results/scot-b/20170803-073024:300
scot-b,dev,src/main/resources/scotland_test_population,20170803-073211:009,0,false,58804,1y,100y,626878,0,0,1/1/1855,1/1/2016,66.787408275,0.0,0.0,results/scot-b/20170803-073211:009
scot-z,dev,src/main/resources/scotland_test_population,20170803-073018:412,242566,true,58804,1y,100y,36551,19190,36399,1/1/1855,1/1/2016,12.529232644,197.998055567,3.044617519,results/scot-z/20170803-073018:412
scot-b,dev,src/main/resources/scotland_test_population,20170803-073317:797,0,false,58804,1y,100y,581445,0,0,1/1/1855,1/1/2016,93.416293397,0.0,0.0,results/scot-b/20170803-073317:797
scot-c,dev,src/main/resources/scotland_test_population,20170803-072225:311,0,false,58804,1y,100y,1166604,0,0,1/1/1855,1/1/2016,780.51882658,0.0,0.0,results/scot-c/20170803-072225:311
scot-b,dev,src/main/resources/scotland_test_population,20170803-073451:214,0,false,58804,1y,100y,539184,0,0,1/1/1855,1/1/2016,90.549275493,0.0,0.0,results/scot-b/20170803-073451:214
scot-b,dev,src/main/resources/scotland_test_population,20170803-073621:763,0,false,58804,1y,100y,595491,0,0,1/1/1855,1/1/2016,88.340178634,0.0,0.0,results/scot-b/20170803-073621:763
scot-b,dev,src/main/resources/scotland_test_population,20170803-073750:104,0,false,58804,1y,100y,629735,0,0,1/1/1855,1/1/2016,92.358395384,0.0,0.0,results/scot-b/20170803-073750:104
scot-b,dev,src/main/resources/scotland_test_population,20170803-073922:463,0,false,58804,1y,100y,476512,0,0,1/1/1855,1/1/2016,82.277073138,0.0,0.0,results/scot-b/20170803-073922:463
scot-b,dev,src/main/resources/scotland_test_population,20170803-074044:740,0,false,58804,1y,100y,691488,0,0,1/1/1855,1/1/2016,73.326660617,0.0,0.0,results/scot-b/20170803-074044:740
scot-b,dev,src/main/resources/scotland_test_population,20170803-074158:067,0,false,58804,1y,100y,592652,0,0,1/1/1855,1/1/2016,68.37617575,0.0,0.0,results/scot-b/20170803-074158:067
scot-b,dev,src/main/resources/scotland_test_population,20170803-074306:444,0,false,58804,1y,100y,687715,0,0,1/1/1855,1/1/2016,119.872329431,0.0,0.0,results/scot-b/20170803-074306:444
scot-b,dev,src/main/resources/scotland_test_population,20170803-074506:317,0,false,58804,1y,100y,572056,0,0,1/1/1855,1/1/2016,91.452414881,0.0,0.0,results/scot-b/20170803-074506:317
scot-c,dev,src/main/resources/scotland_test_population,20170803-073525:831,0,false,58804,1y,100y,1070397,0,0,1/1/1855,1/1/2016,713.98319755,0.0,0.0,results/scot-c/20170803-073525:831
scot-b,dev,src/main/resources/scotland_test_population,20170803-074637:770,0,false,58804,1y,100y,655597,0,0,1/1/1855,1/1/2016,121.260069549,0.0,0.0,results/scot-b/20170803-074637:770
scot-b,dev,src/main/resources/scotland_test_population,20170803-074839:030,0,false,58804,1y,100y,364963,0,0,1/1/1855,1/1/2016,106.807103802,0.0,0.0,results/scot-b/20170803-074839:030
scot-b,dev,src/main/resources/scotland_test_population,20170803-075025:838,0,false,58804,1y,100y,365076,0,0,1/1/1855,1/1/2016,104.717266002,0.0,0.0,results/scot-b/20170803-075025:838
scot-b,dev,src/main/resources/scotland_test_population,20170803-075210:556,0,false,58804,1y,100y,675868,0,0,1/1/1855,1/1/2016,69.422962002,0.0,0.0,results/scot-b/20170803-075210:556
scot-b,dev,src/main/resources/scotland_test_population,20170803-075319:979,0,false,58804,1y,100y,674045,0,0,1/1/1855,1/1/2016,68.382672309,0.0,0.0,results/scot-b/20170803-075319:979
scot-b,dev,src/main/resources/scotland_test_population,20170803-075428:362,0,false,58804,1y,100y,667573,0,0,1/1/1855,1/1/2016,106.14580691,0.0,0.0,results/scot-b/20170803-075428:362
scot-b,dev,src/main/resources/scotland_test_population,20170803-075614:509,0,false,58804,1y,100y,374083,0,0,1/1/1855,1/1/2016,104.342136198,0.0,0.0,results/scot-b/20170803-075614:509
scot-b,dev,src/main/resources/scotland_test_population,20170803-075758:852,0,false,58804,1y,100y,535058,0,0,1/1/1855,1/1/2016,72.822058081,0.0,0.0,results/scot-b/20170803-075758:852
scot-b,dev,src/main/resources/scotland_test_population,20170803-075911:674,0,false,58804,1y,100y,578756,0,0,1/1/1855,1/1/2016,106.513572442,0.0,0.0,results/scot-b/20170803-075911:674
scot-b,dev,src/main/resources/scotland_test_population,20170803-080058:188,0,false,58804,1y,100y,673641,0,0,1/1/1855,1/1/2016,126.82384743,0.0,0.0,results/scot-b/20170803-080058:188
scot-b,dev,src/main/resources/scotland_test_population,20170803-080305:013,0,false,58804,1y,100y,680363,0,0,1/1/1855,1/1/2016,71.60294998,0.0,0.0,results/scot-b/20170803-080305:013
scot-b,dev,src/main/resources/scotland_test_population,20170803-080416:616,0,false,58804,1y,100y,634402,0,0,1/1/1855,1/1/2016,91.922682523,0.0,0.0,results/scot-b/20170803-080416:616
scot-b,dev,src/main/resources/scotland_test_population,20170803-080548:539,2427849,true,58804,1y,100y,365856,192413,364410,1/1/1855,1/1/2016,131.790431513,516.965391029,34.927160449,results/scot-b/20170803-080548:539
scot-b,dev,src/main/resources/scotland_test_population,20170803-081712:222,0,false,58804,1y,100y,554151,0,0,1/1/1855,1/1/2016,75.015588258,0.0,0.0,results/scot-b/20170803-081712:222
scot-c,dev,src/main/resources/scotland_test_population,20170803-074719:814,0,false,58804,1y,100y,1369508,0,0,1/1/1855,1/1/2016,1907.911561241,0.0,0.0,results/scot-c/20170803-074719:814
scot-b,dev,src/main/resources/scotland_test_population,20170803-081827:238,0,false,58804,1y,100y,569834,0,0,1/1/1855,1/1/2016,96.799892863,0.0,0.0,results/scot-b/20170803-081827:238
scot-b,dev,src/main/resources/scotland_test_population,20170803-082004:039,0,false,58804,1y,100y,687542,0,0,1/1/1855,1/1/2016,185.25090939,0.0,0.0,results/scot-b/20170803-082004:039
scot-b,dev,src/main/resources/scotland_test_population,20170803-082309:290,0,false,58804,1y,100y,447357,0,0,1/1/1855,1/1/2016,89.2693488,0.0,0.0,results/scot-b/20170803-082309:290
scot-d,dev,src/main/resources/scotland_test_population,20170803-081822:312,243549,true,58804,1y,100y,36523,19201,36375,1/1/1855,1/1/2016,18.310922938,367.144892012,4.42922641,results/scot-d/20170803-081822:312
scot-b,dev,src/main/resources/scotland_test_population,20170803-082438:560,0,false,58804,1y,100y,621826,0,0,1/1/1855,1/1/2016,65.362979035,0.0,0.0,results/scot-b/20170803-082438:560
scot-b,dev,src/main/resources/scotland_test_population,20170803-082543:923,0,false,58804,1y,100y,499690,0,0,1/1/1855,1/1/2016,79.14653096,0.0,0.0,results/scot-b/20170803-082543:923
scot-d,dev,src/main/resources/scotland_test_population,20170803-082452:198,242604,true,58804,1y,100y,36540,19212,36392,1/1/1855,1/1/2016,15.221375427,219.830595615,4.008827722,results/scot-d/20170803-082452:198
scot-b,dev,src/main/resources/scotland_test_population,20170803-082703:070,0,false,58804,1y,100y,365106,0,0,1/1/1855,1/1/2016,124.837883014,0.0,0.0,results/scot-b/20170803-082703:070
scot-b,dev,src/main/resources/scotland_test_population,20170803-082907:908,0,false,58804,1y,100y,407065,0,0,1/1/1855,1/1/2016,101.405337209,0.0,0.0,results/scot-b/20170803-082907:908
scot-d,dev,src/main/resources/scotland_test_population,20170803-082851:259,242548,true,58804,1y,100y,36533,19199,36389,1/1/1855,1/1/2016,14.971662992,217.10266638,3.955228781,results/scot-d/20170803-082851:259
scot-d,dev,src/main/resources/scotland_test_population,20170803-083247:289,0,false,58804,1y,100y,67725,0,0,1/1/1855,1/1/2016,2.055116074,0.0,0.0,results/scot-d/20170803-083247:289
scot-c,dev,src/main/resources/scotland_test_population,20170803-081907:726,0,false,58804,1y,100y,1359372,0,0,1/1/1855,1/1/2016,836.191198751,0.0,0.0,results/scot-c/20170803-081907:726
scot-d,dev,src/main/resources/scotland_test_population,20170803-083249:344,242735,true,58804,1y,100y,36591,19211,36442,1/1/1855,1/1/2016,14.964920492,216.505524557,3.317366674,results/scot-d/20170803-083249:344
scot-d,dev,src/main/resources/scotland_test_population,20170803-083644:132,0,false,58804,1y,100y,46003,0,0,1/1/1855,1/1/2016,7.422364731,0.0,0.0,results/scot-d/20170803-083644:132
scot-d,dev,src/main/resources/scotland_test_population,20170803-083651:555,0,false,58804,1y,100y,42307,0,0,1/1/1855,1/1/2016,8.144197316,0.0,0.0,results/scot-d/20170803-083651:555
scot-d,dev,src/main/resources/scotland_test_population,20170803-083659:699,0,false,58804,1y,100y,44728,0,0,1/1/1855,1/1/2016,7.542387699,0.0,0.0,results/scot-d/20170803-083659:699
scot-d,dev,src/main/resources/scotland_test_population,20170803-083707:242,0,false,58804,1y,100y,36561,0,0,1/1/1855,1/1/2016,12.539447368,0.0,0.0,results/scot-d/20170803-083707:242
scot-d,dev,src/main/resources/scotland_test_population,20170803-083719:782,0,false,58804,1y,100y,36560,0,0,1/1/1855,1/1/2016,12.481571436,0.0,0.0,results/scot-d/20170803-083719:782
scot-b,dev,src/main/resources/scotland_test_population,20170803-083049:314,2424522,true,58804,1y,100y,365100,191710,363651,1/1/1855,1/1/2016,132.088206585,344.801186401,31.787992102,results/scot-b/20170803-083049:314
scot-b,dev,src/main/resources/scotland_test_population,20170803-083917:991,0,false,58804,1y,100y,574391,0,0,1/1/1855,1/1/2016,87.197834562,0.0,0.0,results/scot-b/20170803-083917:991
scot-d,dev,src/main/resources/scotland_test_population,20170803-083732:263,242747,true,58804,1y,100y,36575,19222,36429,1/1/1855,1/1/2016,14.924127666,216.046524971,4.065846515,results/scot-d/20170803-083732:263
scot-b,dev,src/main/resources/scotland_test_population,20170803-084045:189,0,false,58804,1y,100y,365953,0,0,1/1/1855,1/1/2016,112.782634154,0.0,0.0,results/scot-b/20170803-084045:189
scot-b,dev,src/main/resources/scotland_test_population,20170803-084237:973,0,false,58804,1y,100y,619371,0,0,1/1/1855,1/1/2016,93.543797323,0.0,0.0,results/scot-b/20170803-084237:973
scot-b,dev,src/main/resources/scotland_test_population,20170803-084411:517,0,false,58804,1y,100y,423103,0,0,1/1/1855,1/1/2016,89.337214745,0.0,0.0,results/scot-b/20170803-084411:517
scot-b,dev,src/main/resources/scotland_test_population,20170803-084540:854,0,false,58804,1y,100y,614565,0,0,1/1/1855,1/1/2016,92.728742449,0.0,0.0,results/scot-b/20170803-084540:854
scot-b,dev,src/main/resources/scotland_test_population,20170803-084713:583,0,false,58804,1y,100y,658780,0,0,1/1/1855,1/1/2016,105.587612218,0.0,0.0,results/scot-b/20170803-084713:583
scot-b,dev,src/main/resources/scotland_test_population,20170803-084859:171,0,false,58804,1y,100y,634478,0,0,1/1/1855,1/1/2016,96.30875347,0.0,0.0,results/scot-b/20170803-084859:171
scot-c,dev,src/main/resources/scotland_test_population,20170803-083303:918,0,false,58804,1y,100y,1278824,0,0,1/1/1855,1/1/2016,1133.730847439,0.0,0.0,results/scot-c/20170803-083303:918
scot-b,dev,src/main/resources/scotland_test_population,20170803-085035:480,0,false,58804,1y,100y,634561,0,0,1/1/1855,1/1/2016,95.772766235,0.0,0.0,results/scot-b/20170803-085035:480
scot-b,dev,src/main/resources/scotland_test_population,20170803-085211:253,0,false,58804,1y,100y,428828,0,0,1/1/1855,1/1/2016,88.123732824,0.0,0.0,results/scot-b/20170803-085211:253
scot-b,dev,src/main/resources/scotland_test_population,20170803-085339:377,0,false,58804,1y,100y,408472,0,0,1/1/1855,1/1/2016,90.381108441,0.0,0.0,results/scot-b/20170803-085339:377
scot-b,dev,src/main/resources/scotland_test_population,20170803-085509:759,0,false,58804,1y,100y,509918,0,0,1/1/1855,1/1/2016,92.001254673,0.0,0.0,results/scot-b/20170803-085509:759
scot-b,dev,src/main/resources/scotland_test_population,20170803-085641:760,0,false,58804,1y,100y,575440,0,0,1/1/1855,1/1/2016,98.645987247,0.0,0.0,results/scot-b/20170803-085641:760
scot-b,dev,src/main/resources/scotland_test_population,20170803-085820:406,0,false,58804,1y,100y,520037,0,0,1/1/1855,1/1/2016,74.955257833,0.0,0.0,results/scot-b/20170803-085820:406
scot-b,dev,src/main/resources/scotland_test_population,20170803-085935:362,0,false,58804,1y,100y,597830,0,0,1/1/1855,1/1/2016,67.455881085,0.0,0.0,results/scot-b/20170803-085935:362
scot-b,dev,src/main/resources/scotland_test_population,20170803-090042:818,2424270,true,58804,1y,100y,365032,191701,363581,1/1/1855,1/1/2016,132.153273533,342.796041227,31.603913474,results/scot-b/20170803-090042:818
scot-b,dev,src/main/resources/scotland_test_population,20170803-090909:372,0,false,58804,1y,100y,673906,0,0,1/1/1855,1/1/2016,69.305971805,0.0,0.0,results/scot-b/20170803-090909:372
scot-b,dev,src/main/resources/scotland_test_population,20170803-091018:678,0,false,58804,1y,100y,411584,0,0,1/1/1855,1/1/2016,116.585777112,0.0,0.0,results/scot-b/20170803-091018:678